#SampleID	BarcodeSequence	LinkerPrimerSequence	BarcodeName	ReversePrimer	ProjectName	Description	Pae	Temp	PaeTemp	Colony	Tank
1.CA2a	ATCATAGGCT	GTGYCAGCMGCCGCGGTAA	60bp_UDPi5_0073	GGACTACNVGGGTWTCTAAT	060823STillcus515F	1.CA2a	control	ambient	control-ambient	1	A2
1.CH2a	TGTTAGAAGG	GTGYCAGCMGCCGCGGTAA	60bp_UDPi5_0074	GGACTACNVGGGTWTCTAAT	060823STillcus515F	1.CH2a	control	hot	control-hot	1	H2
1.Ea	GATGGATGTA	GTGYCAGCMGCCGCGGTAA	60bp_UDPi5_0075	GGACTACNVGGGTWTCTAAT	060823STillcus515F	1.Ea	env	env	env-env	1	KB
1.PA2a	ACGGCCGTCA	GTGYCAGCMGCCGCGGTAA	60bp_UDPi5_0076	GGACTACNVGGGTWTCTAAT	060823STillcus515F	1.PA2a	peak	ambient	peak-ambient	1	A2
1.PH1a	CGTTGCTTAC	GTGYCAGCMGCCGCGGTAA	60bp_UDPi5_0077	GGACTACNVGGGTWTCTAAT	060823STillcus515F	1.PH1a	peak	hot	peak-hot	1	H1
2.CA2a	TGACTACATA	GTGYCAGCMGCCGCGGTAA	60bp_UDPi5_0078	GGACTACNVGGGTWTCTAAT	060823STillcus515F	2.CA2a	control	ambient	control-ambient	2	A2
2.CH1b	CGGCCTCGTT	GTGYCAGCMGCCGCGGTAA	60bp_UDPi5_0079	GGACTACNVGGGTWTCTAAT	060823STillcus515F	2.CH1b	control 	hot	control-hot	2	H1
2.Ea	CAAGCATCCG	GTGYCAGCMGCCGCGGTAA	60bp_UDPi5_0080	GGACTACNVGGGTWTCTAAT	060823STillcus515F	2.Ea	env	env	env-env	2	KB
2.PA1b	TCGTCTGACT	GTGYCAGCMGCCGCGGTAA	60bp_UDPi5_0081	GGACTACNVGGGTWTCTAAT	060823STillcus515F	2.PA1b	peak	ambient	peak-ambient	2	A1
2.PH2a	CTCATAGCGA	GTGYCAGCMGCCGCGGTAA	60bp_UDPi5_0082	GGACTACNVGGGTWTCTAAT	060823STillcus515F	2.PH2a	peak	hot	peak-hot	2	H2
3.CA1b	AGACACATTA	GTGYCAGCMGCCGCGGTAA	60bp_UDPi5_0083	GGACTACNVGGGTWTCTAAT	060823STillcus515F	3.CA1b	control	ambient	control-ambient	3	A1
3.CH2a	GCGCGATGTT	GTGYCAGCMGCCGCGGTAA	60bp_UDPi5_0084	GGACTACNVGGGTWTCTAAT	060823STillcus515F	3.CH2a	control	hot	control-hot	3	H2
3.Eb	CATGAGTACT	GTGYCAGCMGCCGCGGTAA	60bp_UDPi5_0085	GGACTACNVGGGTWTCTAAT	060823STillcus515F	3.Eb	env	env	env-env	3	KB
3.PA1a	ACGTCAATAC	GTGYCAGCMGCCGCGGTAA	60bp_UDPi5_0086	GGACTACNVGGGTWTCTAAT	060823STillcus515F	3.PA1a	peak	ambient	peak-ambient	3	A1
3.PH1b	GATACCTCCT	GTGYCAGCMGCCGCGGTAA	60bp_UDPi5_0087	GGACTACNVGGGTWTCTAAT	060823STillcus515F	3.PH1b	peak	hot	peak-hot	3	H1
4.CA1a	ATCCGTAAGT	GTGYCAGCMGCCGCGGTAA	60bp_UDPi5_0088	GGACTACNVGGGTWTCTAAT	060823STillcus515F	4.CA1a	control	ambient	control-ambient	4	A1
4.CH1a	CGTGTATCTT	GTGYCAGCMGCCGCGGTAA	60bp_UDPi5_0089	GGACTACNVGGGTWTCTAAT	060823STillcus515F	4.CH1a	control	hot	control-hot	4	H1
4.Ea	GAACCATGAA	GTGYCAGCMGCCGCGGTAA	60bp_UDPi5_0090	GGACTACNVGGGTWTCTAAT	060823STillcus515F	4.Ea	env	env	env-env	4	KB
4.PA2a	GGCCATCATA	GTGYCAGCMGCCGCGGTAA	60bp_UDPi5_0091	GGACTACNVGGGTWTCTAAT	060823STillcus515F	4.PA2a	peak	ambient	peak-ambient	4	A2
4.PH1b	ACATACTTCC	GTGYCAGCMGCCGCGGTAA	60bp_UDPi5_0092	GGACTACNVGGGTWTCTAAT	060823STillcus515F	4.PH1b	peak	hot	peak-hot	4	H1
